ID,Error_Type,Category,Headline,Text_Snippet,Root_Cause_Explanation
1,False Negative (Real as Fake),Satire / Subtle Irony,tom hayden from sds and viet cong to progressives for obama,tom hayden from sds and viet cong to progressives for obama search the left in power  clinton to obama david horowitz explains how the democrats became a leftwing party in volume v...,Humorous hyperbole treated as genuine factual content by lexical token counts.
2,False Positive (Fake as Real),Sensationalized Tabloid Real Wire,exstate dept employee sending sensitive info to private email norm under cl,exstate dept employee sending sensitive info to private email norm under clinton get ready for civil unrest survey finds that most americans are concerned about election violence t...,Deceptive article successfully mimicked AP/Reuters institutional attribution syntax.
3,False Negative (Real as Fake),Satire / Subtle Irony,texas officer shot dead outside police hq,texas officer shot dead outside police hq snowflake colbert didnt want to write jokes about trump winning by hank berrien november    conversing with fellow daily show comic john o...,Humorous hyperbole treated as genuine factual content by lexical token counts.
4,False Negative (Real as Fake),Satire / Subtle Irony,obamas doj hasnt approved warrant for fbi of new hillary emails,obamas doj hasnt approved warrant for fbi of new hillary emails dems file complaint wdoj against fbi for investigating hillary    its an obviously absurd move but considering that ...,Humorous hyperbole treated as genuine factual content by lexical token counts.
5,False Negative (Real as Fake),Satire / Subtle Irony,dr duke and dr macdonald call for prosecution of hillary for treasonous sup,dr duke and dr macdonald call for prosecution of hillary for treasonous support of isis how they could steal the election from trump even if he is announced the winner next tuesday...,Humorous hyperbole treated as genuine factual content by lexical token counts.
6,False Positive (Fake as Real),Emotionally Charged Real Journalism,"WHOA! “Canada’s Donald Trump,” Billionaire And Shark Tank Host Kevin O’Lear","WHOA! “Canada’s Donald Trump,” Billionaire And Shark Tank Host Kevin O’Leary Announces Run Against “Canada’s Barack Obama” [VIDEO] Kevin O Leary, a rich Canadian television persona...",Legitimate investigative piece or op-ed employed passionate rhetoric and exclamation marks.
7,False Negative (Real as Fake),Short / Ambiguous Context,clinton campaign harwoods audience to small not worth it,clinton campaign harwoods audience to small not worth it lets face it the stereotype that millennials are entitled narcissistic spoiled brats is pretty darn accurate...,Article length under 40 words; model lacked sufficient n-gram density to establish context.
8,False Positive (Fake as Real),Emotionally Charged Real Journalism,MASSACHUSETTS VOTES TO IGNORE FED LAW and Let Illegals Go…This Sanctuary St,MASSACHUSETTS VOTES TO IGNORE FED LAW and Let Illegals Go…This Sanctuary State Endangers All Americans! MASSACHUSETTS IS NOW A SANCTUARY STATE! The Massachusetts Supreme Court just...,Legitimate investigative piece or op-ed employed passionate rhetoric and exclamation marks.
9,False Positive (Fake as Real),Sensationalized Tabloid Real Wire,Benghazi Survivor On Hillary Clinton: “I Don’t Think She Has A Soul”,Benghazi Survivor On Hillary Clinton: “I Don’t Think She Has A Soul” #FeelTheBern of incompetence A survivor of the 2012 Benghazi siege that claimed the lives of four Americans and...,Deceptive article successfully mimicked AP/Reuters institutional attribution syntax.
10,False Positive (Fake as Real),Sensationalized Tabloid Real Wire,EXPERT CLAIMS N. KOREA’S SECOND MISSILE Test Demonstrates They Now Have Abi,"EXPERT CLAIMS N. KOREA’S SECOND MISSILE Test Demonstrates They Now Have Ability To Hit 3 Major Cities On U.S. Mainland When asked if a pre-emptive military strike is a possibility,...",Deceptive article successfully mimicked AP/Reuters institutional attribution syntax.
11,False Positive (Fake as Real),Sensationalized Tabloid Real Wire,ISRAEL WILL NAME New Train Station Near Western Wall After President Donald,ISRAEL WILL NAME New Train Station Near Western Wall After President Donald Trump Israel s transportation minister is pushing ahead with a plan to extend Jerusalem s soon-to-open h...,Deceptive article successfully mimicked AP/Reuters institutional attribution syntax.
12,False Positive (Fake as Real),Satire / Subtle Irony,ron brown evidence of a cover up,ron brown evidence of a cover up clinton transmitted classified info to her lawyers andrew mccarthy theres no attorney exception to criminal law that prohibits such action publishe...,Humorous hyperbole treated as genuine factual content by lexical token counts.
13,False Negative (Real as Fake),Satire / Subtle Irony,two more hollywood films for men that leave todays sjw movies in the dust,two more hollywood films for men that leave todays sjw movies in the dust leave a reply mike adams  under fbi head james comey who has deliberately and clearly conspired to cover u...,Humorous hyperbole treated as genuine factual content by lexical token counts.
14,False Positive (Fake as Real),Sensationalized Tabloid Real Wire,"Saudi Prince Arrested In LA For Sexual Assault After Woman Seen Screaming ,","Saudi Prince Arrested In LA For Sexual Assault After Woman Seen Screaming , Scaling 8-foot Wall Just a week after a Prince from Qatar was in hot water for racing his Ferrari down t...",Deceptive article successfully mimicked AP/Reuters institutional attribution syntax.
15,False Negative (Real as Fake),Satire / Subtle Irony,trump campaign admits they are trying to steal the election with voter supp,trump campaign admits they are trying to steal the election with voter suppression by hrafnkell haraldsson on sat oct th  at  pm that fog thats on christians is the collective witc...,Humorous hyperbole treated as genuine factual content by lexical token counts.
16,False Positive (Fake as Real),Short / Ambiguous Context,readings in the jewish zionist control of the united states interviews with,readings in the jewish zionist control of the united states interviews with francis boyle james petras kim petersen racist drivel...,Article length under 40 words; model lacked sufficient n-gram density to establish context.
17,False Positive (Fake as Real),Sensationalized Tabloid Real Wire,migrant screaming allahu akbar bursts into a wedding in a german church and,migrant screaming allahu akbar bursts into a wedding in a german church and tears down decorations london telegraph october    b ritains economy expanded by pc in the three months ...,Deceptive article successfully mimicked AP/Reuters institutional attribution syntax.
18,False Positive (Fake as Real),Sensationalized Tabloid Real Wire,"TRUMP EFFECT? ONLY DAYS AFTER MEETING With President Trump, Pope Francis De","TRUMP EFFECT? ONLY DAYS AFTER MEETING With President Trump, Pope Francis Delivers SURPRISING Message To Italian Workers Flashback to February 18. 201: In a remarkable dispute just ...",Deceptive article successfully mimicked AP/Reuters institutional attribution syntax.
19,False Negative (Real as Fake),Satire / Subtle Irony,shapiro eviscerates raucous protesters at university of wisconsin  daily wi,shapiro eviscerates raucous protesters at university of wisconsin  daily wire the left says i hate myself for voting trump while female i dont i just hate you by amanda prestigiaco...,Humorous hyperbole treated as genuine factual content by lexical token counts.
20,False Positive (Fake as Real),Sensationalized Tabloid Real Wire,“GENTLEMAN” SOLDIER Who Gave Sarah Huckabee Sanders His Coat In Freezing Co,"“GENTLEMAN” SOLDIER Who Gave Sarah Huckabee Sanders His Coat In Freezing Cold Korean Militarized Zone Is Identified Too bad the media wasn t there to cover the event, there would h...",Deceptive article successfully mimicked AP/Reuters institutional attribution syntax.
