Rank,Real_Indicator,Real_Weight,Fake_Indicator,Fake_Weight
1,said,17.38419513190677,via,-18.82483721709481
2,president donald,9.142570227348589,video,-14.67361477637428
3,wednesday,7.891128980151207,read,-11.688334860277877
4,tuesday,7.158870186009699,image,-10.745384341230372
5,nov,6.4959044060983535,featured image,-9.358302460395027
6,thursday,6.228767042860158,featured,-8.886325532789868
7,friday,6.158387040420415,president trump,-8.6982630535521
8,monday,5.689718831847261,image via,-7.758890471576525
9,daily wire,5.625728474977883,breaking,-7.290463867612799
10,representative,5.5115813198222785,gop,-7.130569461599092
11,washington,5.506135949856222,watch,-7.045282319116569
12,president barack,5.230646384832986,getty,-6.977005059250124
13,said statement,5.124136620018185,obama,-6.848698858606588
14,minister,5.0147194736620015,getty image,-6.685783570222181
15,didnt,4.738188753610535,com,-6.49464410417913
16,spokesman,4.700933094516214,isi,-6.0805856503916225
17,democratic,4.468638759649078,sen,-6.00173126658306
18,shes,4.336780839110026,american,-5.577045742606248
19,told reporter,4.327390675135721,twitter com,-5.212654067369213
20,obamas,4.21941918994559,pic,-5.191500632896786
